[
    {
        "id" : 1001,
        "mobileName" : "iPhone",
        "mobilePrice": "76661.10"
    },
    {
        "id" : 1005,
        "mobileName" : "Lg",
        "mobilePrice": "46661.10"
    },
    {
        "id" : 1002,
        "mobileName" : "MicroMax",
        "mobilePrice": "126661.10"
    },
    {
        "id" : 1003,
        "mobileName" : "Coolpad",
        "mobilePrice": "7823.00"
    },
    {
        "id" : 1004,
        "mobileName" : "HTC",
        "mobilePrice": "8876.00"
    }
    

]